table,case,kpi,before_value,before_se,before_n,after_value,after_se,after_n,diff,se_diff,ci_diff_lo,ci_diff_hi,z,p_value,old_ci_overlap_significant,new_diff_ci_significant,fdr_significant,flips_verdict
tab:ci,R -> R+E,Safe stock recovery time,214.62,11.147041561582572,50,8.66,0.22993942921864455,50,-205.96,11.149412886639306,-227.81244771170793,-184.10755228829208,-18.47272157682925,3.4237965632639416e-76,True,True,True,False
tab:ci,R -> R+E,Active production blocked time,617.6,4.586176107720673,50,16.96,0.7739325883582499,50,-600.64,4.65101955944617,-609.755830830045,-591.5241691699549,-129.14157687858068,0.0,True,True,True,False
tab:ci,R -> R+E,Stockout duration,55.92,2.562710355108898,50,0.0,0.0,50,-55.92,2.562710355108898,-60.942820000000005,-50.89718,-21.82064777180946,1.4775168122404088e-105,True,True,True,False
tab:ci,R -> R+E,Minimum availability,93.18,0.412929526355557,50,100.0,0.0,50,6.819999999999993,0.412929526355557,6.0106729999999935,7.629326999999993,16.51613547762522,2.8082542743098477e-61,True,True,True,False
tab:ci,"D -> D+E,S",Safe stock recovery time,190.22,12.848093226570182,50,12.22,2.5098318324456357,50,-178.0,13.090941730288009,-203.6577743210981,-152.3422256789019,-13.597188320544445,4.1612556120774994e-42,True,True,True,False
tab:ci,"D -> D+E,S",Active production blocked time,621.84,5.023612717046941,50,37.52,5.076032047599079,50,-584.32,7.141623490434696,-598.317324835682,-570.3226751643181,-81.81893105715011,0.0,True,True,True,False
tab:ci,"D -> D+E,S",Stockout duration,46.68,3.264141611255168,50,0.76,0.779238808309021,50,-45.92,3.3558655483648847,-52.49737561329745,-39.34262438670255,-13.683504102950163,1.2740209096929505e-42,True,True,True,False
tab:ci,"D -> D+E,S",Minimum availability,94.2,0.3995257086318349,50,99.82,0.16491068329503003,50,5.61999999999999,0.4322225414327711,4.772859385286589,6.467140614713392,13.002561091261683,1.183136016586116e-38,True,True,True,False
tab:ci,F -> F+B,Safe stock recovery time,142.54,8.00902471684958,50,142.58,7.962187121514889,50,0.040000000000020464,11.293400757660425,-22.094658753186124,22.174658753186165,0.00354189148675062,0.9971739853754071,False,False,False,False
tab:ci,F -> F+B,Active production blocked time,594.18,6.110214316004384,50,606.06,6.15434778001801,50,11.879999999999995,8.672411174807012,-5.117613565733286,28.877613565733277,1.3698612485661303,0.1707302183238007,False,False,False,False
tab:ci,F -> F+B,Stockout duration,42.24,2.8366745728748683,50,39.6,2.763958951011031,50,-2.6400000000000006,3.960579719595203,-10.402593610127997,5.122593610127995,-0.6665690850605642,0.5050474216205731,False,False,False,False
tab:ci,F -> F+B,Minimum availability,95.0,0.33656995998321876,50,94.86,0.38084169184363864,50,-0.14000000000000057,0.5082516426037701,-1.1361549148204815,0.8561549148204803,-0.275454102386726,0.782967383305289,False,False,False,False
tab:ci,"R,D,Q,F -> +E,A,S,B",Safe stock recovery time,216.58,11.393729767947752,50,39.88,3.3230559591124327,50,-176.70000000000002,11.868436246296788,-199.96170760101032,-153.43829239898972,-14.88822927747826,3.930415819204475e-50,True,True,True,False
tab:ci,"R,D,Q,F -> +E,A,S,B",Active production blocked time,606.12,5.490049859258002,50,38.82,5.600562094001948,50,-567.3,7.84263624210063,-582.6712845819729,-551.928715418027,-72.3353707207068,0.0,True,True,True,False
tab:ci,"R,D,Q,F -> +E,A,S,B",Stockout duration,71.54,2.9180485171006856,50,4.52,1.093846630044072,50,-67.02000000000001,3.116329186432698,-73.12789297081245,-60.912107029187574,-21.506072045206064,1.3659291102110812e-102,True,True,True,False
tab:ci,"R,D,Q,F -> +E,A,S,B",Minimum availability,91.78,0.44935519567723076,50,99.66,0.13929592690959575,50,7.8799999999999955,0.4704502600017623,6.957934433662655,8.802065566337335,16.74991103197706,5.67110327311678e-63,True,True,True,False
tab:sensitivity-t1max,Baseline (T1_MAX=12 vs ref16),Safe stock recovery time,148.04,10.674685943272575,50,8.52,0.19263313147052546,50,-139.51999999999998,10.676423910225804,-160.44540635263542,-118.59459364736453,-13.068046114801485,5.0136804653064315e-39,True,True,True,False
tab:sensitivity-t1max,Baseline (T1_MAX=12 vs ref16),Active production blocked time,605.06,7.269368268519486,50,104.06,3.0854648586820845,50,-500.99999999999994,7.897075940974611,-516.4779844311201,-485.52201556887974,-63.4412032687341,0.0,True,True,True,False
tab:sensitivity-t1max,Baseline (T1_MAX=12 vs ref16),Stockout duration,35.9,2.912017794041251,50,0.0,0.0,50,-35.9,2.912017794041251,-41.60745,-30.192549999999997,-12.328221370577053,6.384033083737601e-35,True,True,True,False
tab:sensitivity-t1max,Baseline (T1_MAX=12 vs ref16),Minimum availability,95.24,0.4486577338817785,50,100.0,0.0,50,4.760000000000005,0.4486577338817785,3.880647000000005,5.639353000000005,10.609423711069399,2.6940555819290483e-26,True,True,True,False
tab:sensitivity-t1max,Baseline (T1_MAX=20 vs ref16),Safe stock recovery time,148.04,10.674685943272575,50,418.56,14.763740671489941,50,270.52,18.218588271392143,234.81222313052797,306.227776869472,14.84857091944856,7.106751527857004e-50,True,True,True,False
tab:sensitivity-t1max,Baseline (T1_MAX=20 vs ref16),Active production blocked time,605.06,7.269368268519486,50,724.42,1.0505652225033106,50,119.36000000000001,7.344889536956388,104.96428103376216,133.75571896623785,16.250754950013995,2.206307070616507e-59,True,True,True,False
tab:sensitivity-t1max,Baseline (T1_MAX=20 vs ref16),Stockout duration,35.9,2.912017794041251,50,178.48,3.272259107352934,50,142.57999999999998,4.38035698299432,133.99465807188787,151.1653419281121,32.54985850548996,2.103475982305357e-232,True,True,True,False
tab:sensitivity-t1max,Baseline (T1_MAX=20 vs ref16),Minimum availability,95.24,0.4486577338817785,50,76.46,0.46890657534199537,50,-18.78,0.6489739120880678,-20.05196549489717,-17.50803450510283,-28.937989108954348,3.974556109895686e-184,True,True,True,False
tab:sensitivity-t1max,R+E (T1_MAX=12 vs ref16),Safe stock recovery time,8.66,0.22993942921864455,50,8.68,0.20388741990072845,50,0.019999999999999574,0.3073145312268393,-0.5823254132717633,0.6223254132717625,0.0650799033815843,0.94811038128449,False,False,False,False
tab:sensitivity-t1max,R+E (T1_MAX=12 vs ref16),Active production blocked time,16.96,0.7739325883582499,50,3.28,0.35522693545820433,50,-13.680000000000001,0.8515619924573474,-15.349030836211243,-12.01096916378876,-16.064596730678065,4.517930484495777e-58,True,True,True,False
tab:sensitivity-t1max,R+E (T1_MAX=12 vs ref16),Stockout duration,0.0,0.0,50,0.0,0.0,50,0.0,0.0,0.0,0.0,0.0,1.0,False,False,False,False
tab:sensitivity-t1max,R+E (T1_MAX=12 vs ref16),Minimum availability,100.0,0.0,50,100.0,0.0,50,0.0,0.0,0.0,0.0,0.0,1.0,False,False,False,False
tab:sensitivity-t1max,R+E (T1_MAX=20 vs ref16),Safe stock recovery time,8.66,0.22993942921864455,50,10.26,0.24476368120611156,50,1.5999999999999996,0.3358294220984264,0.9417864275837208,2.2582135724162784,4.764323477086723,1.8948831632138833e-06,True,True,True,False
tab:sensitivity-t1max,R+E (T1_MAX=20 vs ref16),Active production blocked time,16.96,0.7739325883582499,50,54.56,1.9337038991560858,50,37.6,2.082830386981703,33.51772745465225,41.68227254534775,18.052358096468613,7.559328355965591e-73,True,True,True,False
tab:sensitivity-t1max,R+E (T1_MAX=20 vs ref16),Stockout duration,0.0,0.0,50,0.0,0.0,50,0.0,0.0,0.0,0.0,0.0,1.0,False,False,False,False
tab:sensitivity-t1max,R+E (T1_MAX=20 vs ref16),Minimum availability,100.0,0.0,50,100.0,0.0,50,0.0,0.0,0.0,0.0,0.0,1.0,False,False,False,False
tab:sensitivity-shape,D (shape=0.5 vs ref1.0),Safe stock recovery time,190.22,12.848093226570182,50,160.38,13.942245984688336,50,-29.840000000000003,18.959423057049932,-66.99978636819647,7.319786368196461,-1.5738875550279048,0.11551344752940437,False,False,False,False
tab:sensitivity-shape,D (shape=0.5 vs ref1.0),Active production blocked time,621.84,5.023612717046941,50,601.32,5.76041197001893,50,-20.519999999999982,7.643234315079783,-35.5004639864725,-5.539536013527465,-2.6847273227663417,0.007258900114741933,False,True,False,True
tab:sensitivity-shape,D (shape=0.5 vs ref1.0),Stockout duration,46.68,3.264141611255168,50,48.22,3.179956390882356,50,1.5399999999999991,4.557054213660511,-7.391662136467097,10.471662136467096,0.3379376078923087,0.7354102060345805,False,False,False,False
tab:sensitivity-shape,D (shape=0.5 vs ref1.0),Minimum availability,94.2,0.3995257086318349,50,93.66,0.5146268032062845,50,-0.5400000000000063,0.6515071284614542,-1.816930507755225,0.7369305077552124,-0.8288474161061383,0.4071907535276362,False,False,False,False
tab:sensitivity-shape,D (shape=2.0 vs ref1.0),Safe stock recovery time,190.22,12.848093226570182,50,185.0,12.757377273950267,50,-5.219999999999999,18.10591545513624,-40.70694220752191,30.266942207521915,-0.2883035664744144,0.7731143773570159,False,False,False,False
tab:sensitivity-shape,D (shape=2.0 vs ref1.0),Active production blocked time,621.84,5.023612717046941,50,608.56,4.384631588013593,50,-13.280000000000086,6.667959125060857,-26.348959738571477,-0.21104026142869614,-1.9916138882868275,0.046413438367567485,False,True,False,True
tab:sensitivity-shape,D (shape=2.0 vs ref1.0),Stockout duration,46.68,3.264141611255168,50,51.42,3.8702292787283032,50,4.740000000000002,5.062933450901097,-5.183167222217914,14.663167222217918,0.9362161375351241,0.3491619160718634,False,False,False,False
tab:sensitivity-shape,D (shape=2.0 vs ref1.0),Minimum availability,94.2,0.3995257086318349,50,94.3,0.4030007724861332,50,0.09999999999999432,0.5674772369727177,-1.0122349467738427,1.2122349467738314,0.17621852205642208,0.8601222699858879,False,False,False,False
tab:sensitivity-shape,"D+E,S (shape=0.5 vs ref1.0)",Safe stock recovery time,12.22,2.5098318324456357,50,12.4,2.492285591666114,50,0.17999999999999972,3.537052911335075,-6.752496319256145,7.112496319256144,0.050889823961400106,0.9594133143066508,False,False,False,False
tab:sensitivity-shape,"D+E,S (shape=0.5 vs ref1.0)",Active production blocked time,37.52,5.076032047599079,50,54.78,8.991185621199055,50,17.259999999999998,10.325091777950913,-2.9768080266034076,37.496808026603404,1.6716558429880966,0.09459220620711738,False,False,False,False
tab:sensitivity-shape,"D+E,S (shape=0.5 vs ref1.0)",Stockout duration,0.76,0.779238808309021,50,0.7,0.5606327506063842,50,-0.06000000000000005,0.959959479054894,-1.941486006006954,1.821486006006954,-0.06250263819372008,0.9501625610749063,False,False,False,False
tab:sensitivity-shape,"D+E,S (shape=0.5 vs ref1.0)",Minimum availability,99.82,0.16491068329503003,50,99.78,0.15854321935410462,50,-0.03999999999999204,0.2287607612069811,-0.4883628531468601,0.40836285314687604,-0.17485516217442695,0.861193442799147,False,False,False,False
tab:sensitivity-shape,"D+E,S (shape=2.0 vs ref1.0)",Safe stock recovery time,12.22,2.5098318324456357,50,17.38,4.4549900237069915,50,5.159999999999998,5.113334718017806,-4.861951890565031,15.181951890565028,1.0091261934834344,0.3129141173994354,False,False,False,False
tab:sensitivity-shape,"D+E,S (shape=2.0 vs ref1.0)",Active production blocked time,37.52,5.076032047599079,50,34.66,4.0743350699885434,50,-2.8600000000000065,6.508940590510214,-15.617289137904658,9.897289137904645,-0.43939562210320016,0.660374898139179,False,False,False,False
tab:sensitivity-shape,"D+E,S (shape=2.0 vs ref1.0)",Stockout duration,0.76,0.779238808309021,50,1.1,0.7991830523355254,50,0.3400000000000001,1.1162018954988342,-1.8477155151664484,2.5277155151664488,0.3046043922439793,0.7606674743790103,False,False,False,False
tab:sensitivity-shape,"D+E,S (shape=2.0 vs ref1.0)",Minimum availability,99.82,0.16491068329503003,50,99.98,0.020506244149175016,50,0.1600000000000108,0.16618074351121212,-0.16570827228248736,0.48570827228250896,0.9628071015894551,0.33564433621226175,False,False,False,False
tab:probe-results,E without R,Safe stock recovery time,148.04,10.674685943272575,50,8.58,0.1900540024463766,50,-139.45999999999998,10.676377686806841,-160.385315756399,-118.53468424360096,-13.062482809346038,5.3939463925810355e-39,True,True,True,False
tab:probe-results,E without R,Active production blocked time,605.06,7.269368268519486,50,16.82,0.6973648548955353,50,-588.2399999999999,7.302741455385194,-602.5531102443214,-573.9268897556784,-80.55057180837471,0.0,True,True,True,False
tab:probe-results,E without R,Stockout duration,35.9,2.912017794041251,50,0.0,0.0,50,-35.9,2.912017794041251,-41.60745,-30.192549999999997,-12.328221370577053,6.384033083737601e-35,True,True,True,False
tab:probe-results,E without R,Minimum availability,95.24,0.4486577338817785,50,100.0,0.0,50,4.760000000000005,0.4486577338817785,3.880647000000005,5.639353000000005,10.609423711069399,2.6940555819290483e-26,True,True,True,False
tab:probe-results,A without R,Safe stock recovery time,148.04,10.674685943272575,50,98.86,8.963072859729104,50,-49.17999999999999,13.938636772522397,-76.49922607414052,-21.86077392585946,-3.5283220879210964,0.00041820296301411843,True,True,True,False
tab:probe-results,A without R,Active production blocked time,605.06,7.269368268519486,50,489.62,8.873989590170966,50,-115.43999999999994,11.471329751594654,-137.92339317318445,-92.95660682681543,-10.063349454665653,8.022161210397145e-24,True,True,True,False
tab:probe-results,A without R,Stockout duration,35.9,2.912017794041251,50,20.68,2.6439006224902646,50,-15.219999999999999,3.9331994780861654,-22.928929322869678,-7.511070677130318,-3.8696232125520917,0.00010900368292507463,True,True,True,False
tab:probe-results,A without R,Minimum availability,95.24,0.4486577338817785,50,97.98,0.3228926678466493,50,2.740000000000009,0.5527688821931452,1.6565928988727368,3.823407101127281,4.956863688000828,7.164020068547503e-07,True,True,True,False
tab:probe-results,S without D,Safe stock recovery time,148.04,10.674685943272575,50,140.38,8.258774203955591,50,-7.659999999999997,13.496528121684605,-34.11270904104152,18.792709041041526,-0.5675533686098743,0.5703382784530573,False,False,False,False
tab:probe-results,S without D,Active production blocked time,605.06,7.269368268519486,50,616.38,5.704339511116069,50,11.32000000000005,9.240303257006119,-6.790661594210139,29.43066159421024,1.2250680183485405,0.2205495938772222,False,False,False,False
tab:probe-results,S without D,Stockout duration,35.9,2.912017794041251,50,34.42,2.4272333759234868,50,-1.4799999999999969,3.7909510012673335,-8.91012743138366,5.950127431383666,-0.39040335776042095,0.6962383053336022,False,False,False,False
tab:probe-results,S without D,Minimum availability,95.24,0.4486577338817785,50,95.64,0.3794304414221163,50,0.4000000000000057,0.5875893311231193,-0.7516539269715476,1.551653926971559,0.6807475541386107,0.4960312405622456,False,False,False,False
tab:probe-results,B without F,Safe stock recovery time,148.04,10.674685943272575,50,161.04,10.521570884885419,50,13.0,14.988407983277265,-16.37673983970992,42.37673983970992,0.8673369456251956,0.38575741923649015,False,False,False,False
tab:probe-results,B without F,Active production blocked time,605.06,7.269368268519486,50,613.94,5.508927757159783,50,8.88000000000011,9.12096486436405,-8.996762642603837,26.756762642604055,0.9735812090116256,0.33026452018402747,False,False,False,False
tab:probe-results,B without F,Stockout duration,35.9,2.912017794041251,50,38.14,2.8273529730190425,50,2.240000000000002,4.058789532219242,-5.715081305844709,10.195081305844713,0.5518886806567739,0.5810246240886882,False,False,False,False
tab:probe-results,B without F,Minimum availability,95.24,0.4486577338817785,50,95.96,0.3428348710193264,50,0.7199999999999989,0.564649901229754,-0.38669347054412606,1.8266934705441238,1.2751264074108701,0.20226450388294998,False,False,False,False
PRMM-L4 (F->F+B),F -> F+B,Service ratio,0.7598784194528876,0.023549934473070706,329,0.7654320987654321,0.023540469549698923,324,0.005553679312544468,0.03329794468591457,-0.05970909304637022,0.07081645167145915,0.16678745084508897,0.8675372931493179,False,False,False,False
PRMM-L4 (F->F+B),F -> F+B,Avg lead time,10.06,0.034785435100737325,50,10.02,0.020506244149175016,50,-0.040000000000000924,0.04037985319751897,-0.11914305798672518,0.03914305798672334,-0.9905930020186061,0.32188435615996897,False,False,False,False
PRMM-L4 (F->F+B),F -> F+B,Safe-stock recovery time,142.54,8.00902471684958,50,142.58,7.962187121514889,50,0.040000000000020464,11.293400757660425,-22.094658753186124,22.174658753186165,0.00354189148675062,0.9971739853754071,False,False,False,False
PRMM-L4 (F->F+B),F -> F+B,Latent production-blocked time,589.24,5.286423668647156,50,604.7,6.304146450935934,50,15.460000000000036,8.227304399332809,-0.6652203163243264,31.5852203163244,1.8791087882020947,0.060229640415650196,False,False,False,False
PRMM-L4 (F->F+B),F -> F+B,Production-blocked time,594.18,6.110214316004384,50,606.06,6.15434778001801,50,11.879999999999995,8.672411174807012,-5.117613565733286,28.877613565733277,1.3698612485661303,0.1707302183238007,False,False,False,False
PRMM-L4 (F->F+B),F -> F+B,Defect rate,1.78,0.1443781631528296,50,1.72,0.14363325150589437,50,-0.06000000000000005,0.20365550553211317,-0.4591574561899101,0.33915745618991,-0.2946151632052934,0.7682878774885114,False,False,False,False
PRMM-L4 (F->F+B),F -> F+B,Stockout duration,42.24,2.8366745728748683,50,39.6,2.763958951011031,50,-2.6400000000000006,3.960579719595203,-10.402593610127997,5.122593610127995,-0.6665690850605642,0.5050474216205731,False,False,False,False
